{
  "summary": {
    "Black": {
      "count": 6,
      "hsv_mean": [
        74.68609533829188,
        20.9021190204004,
        24.23157237152434
      ],
      "hsv_min": [
        0.0,
        0.0,
        9.0
      ],
      "hsv_max": [
        174.0,
        77.0,
        52.0
      ],
      "lab_mean": [
        20.421725025763738,
        128.12030566363663,
        127.95181343502345
      ],
      "lab_min": [
        7.0,
        122.0,
        124.0
      ],
      "lab_max": [
        54.0,
        132.0,
        132.0
      ],
      "hsv_p10": [
        0.0,
        6.733333333333334,
        15.933333333333332
      ],
      "hsv_p90": [
        151.66666666666666,
        37.96666666666667,
        34.666666666666664
      ],
      "lab_p10": [
        11.333333333333334,
        126.0,
        126.60000000000001
      ],
      "lab_p90": [
        33.15,
        130.0,
        129.23333333333335
      ],
      "coverage_mean": 0.3704953483697218
    },
    "Green": {
      "count": 4,
      "hsv_mean": [
        89.36973737269653,
        119.61226995364683,
        61.22182182463067
      ],
      "hsv_min": [
        78.0,
        75.0,
        35.0
      ],
      "hsv_max": [
        96.0,
        150.0,
        90.0
      ],
      "lab_mean": [
        59.55756782871302,
        117.55426540971807,
        124.99535045087879
      ],
      "lab_min": [
        31.0,
        113.0,
        121.0
      ],
      "lab_max": [
        90.0,
        122.0,
        131.0
      ],
      "hsv_p10": [
        85.275,
        99.925,
        45.0
      ],
      "hsv_p90": [
        92.75,
        138.075,
        79.325
      ],
      "lab_p10": [
        42.25,
        115.9,
        122.775
      ],
      "lab_p90": [
        79.17500000000001,
        119.0,
        127.55000000000001
      ],
      "coverage_mean": 0.16895017961807524
    },
    "Orange": {
      "count": 4,
      "hsv_mean": [
        9.269118707691609,
        196.18521335922946,
        210.1424442608241
      ],
      "hsv_min": [
        8.0,
        138.0,
        92.0
      ],
      "hsv_max": [
        16.0,
        215.0,
        255.0
      ],
      "lab_mean": [
        138.79771705056564,
        169.5385811355686,
        175.77127529985006
      ],
      "lab_min": [
        73.0,
        135.0,
        149.0
      ],
      "lab_max": [
        184.0,
        182.0,
        187.0
      ],
      "hsv_p10": [
        8.0,
        182.225,
        145.35000000000002
      ],
      "hsv_p90": [
        10.274999999999999,
        208.0,
        251.25
      ],
      "lab_p10": [
        101.85,
        155.3,
        161.825
      ],
      "lab_p90": [
        165.2,
        178.025,
        183.5
      ],
      "coverage_mean": 0.2706452835081092
    },
    "Red": {
      "count": 3,
      "hsv_mean": [
        3.875812219071234,
        201.03629329249978,
        149.08106947581973
      ],
      "hsv_min": [
        2.0,
        132.0,
        72.0
      ],
      "hsv_max": [
        9.0,
        217.0,
        186.0
      ],
      "lab_mean": [
        89.20351413953006,
        170.02667369298305,
        161.15559995501783
      ],
      "lab_min": [
        50.0,
        142.0,
        141.0
      ],
      "lab_max": [
        114.0,
        180.0,
        169.0
      ],
      "hsv_p10": [
        3.0,
        190.0,
        118.16666666666667
      ],
      "hsv_p90": [
        4.566666666666663,
        211.5,
        170.0
      ],
      "lab_p10": [
        72.2,
        160.86666666666667,
        153.86666666666667
      ],
      "lab_p90": [
        102.0,
        175.66666666666666,
        166.0
      ],
      "coverage_mean": 0.40827608989894126
    },
    "Yellow": {
      "count": 3,
      "hsv_mean": [
        24.912513441306615,
        175.11331281371113,
        238.41360229177485
      ],
      "hsv_min": [
        18.0,
        125.0,
        116.0
      ],
      "hsv_max": [
        30.0,
        202.0,
        255.0
      ],
      "lab_mean": [
        215.89716085221866,
        123.11428164086051,
        195.93516423123287
      ],
      "lab_min": [
        114.0,
        109.0,
        156.0
      ],
      "lab_max": [
        249.0,
        144.0,
        207.0
      ],
      "hsv_p10": [
        20.0,
        162.33333333333334,
        181.9333333333333
      ],
      "hsv_p90": [
        29.633333333333336,
        189.66666666666666,
        255.0
      ],
      "lab_p10": [
        156.16666666666666,
        110.0,
        177.4333333333333
      ],
      "lab_p90": [
        246.66666666666666,
        138.33333333333334,
        204.0
      ],
      "coverage_mean": 0.2427243304326996
    }
  }
}